{
  "2D": 27742.365000248,
  "3D": 28.4820001125334,
  "AssetLib": 104.257999897003,
  "Editor": 72897.5880002978,
  "Script": 45022.4830000402
}