{
  "2D": 27111.8230001927,
  "3D": 20.6280000209808,
  "AssetLib": 3.90999984741211,
  "Editor": 56836.4750001433,
  "Script": 29700.1140000822
}