{
  "2D": 33045.7690010072,
  "3D": 32.3210000991819,
  "AssetLib": 104.257999897003,
  "Editor": 79709.0120007995,
  "Script": 46526.6639997961
}