{
  "2D": 27231.001000166,
  "3D": 20.6280000209808,
  "AssetLib": 104.257999897003,
  "Editor": 59116.3690001967,
  "Script": 31760.4820001127
}