{
  "2D": 37492.3920013906,
  "3D": 35.761999607086,
  "AssetLib": 104.257999897003,
  "Editor": 84934.2830007079,
  "Script": 47301.8709998133
}