{
  "2D": 39778.3840012552,
  "3D": 42.0419998168944,
  "AssetLib": 104.257999897003,
  "Editor": 92802.9900009636,
  "Script": 52878.3059999945
}