{
  "2D": 17666.0360002517,
  "3D": 8.66599988937378,
  "AssetLib": 1.9779999256134,
  "Editor": 28146.9799993038,
  "Script": 10470.2999992371
}