{
  "2D": 3102.26599979401,
  "3D": 3.98799991607666,
  "Editor": 3261.93700003625,
  "Script": 155.683000326157
}