{
  "2D": 27111.8230001927,
  "3D": 20.6280000209808,
  "AssetLib": 3.90999984741211,
  "Editor": 51023.3870000842,
  "Script": 23887.1289999487
}