{
  "2D": 44502.4720008374,
  "3D": 53.2739996910094,
  "AssetLib": 250.87299990654,
  "Editor": 117873.638000966,
  "Script": 73067.0190005306
}