{
  "2D": 45884.1950004102,
  "3D": 64.1809995174408,
  "AssetLib": 250.87299990654,
  "Editor": 127455.368000985,
  "Script": 81256.1190011505
}