{
  "2D": 2893.82499980927,
  "3D": 2.98600006103516,
  "Editor": 3041.91499996185,
  "Script": 145.104000091553
}