{
  "2D": 47863.6880006792,
  "3D": 68.0219995975495,
  "AssetLib": 251.868999958038,
  "Editor": 136288.215001584,
  "Script": 88104.6360013489
}