{
  "2D": 39742.0990014078,
  "3D": 36.9759995937346,
  "AssetLib": 104.257999897003,
  "Editor": 88361.7160007957,
  "Script": 48478.3829998972
}