{
  "2D": 46359.6890001298,
  "3D": 64.1809995174408,
  "AssetLib": 250.87299990654,
  "Editor": 130608.746001244,
  "Script": 83934.0030016903
}