{
  "2D": 20802.3069999218,
  "3D": 8.66599988937378,
  "AssetLib": 2.90999984741211,
  "Editor": 35183.1169996261,
  "Script": 14369.2339999676
}