{
  "2D": 45594.2450003625,
  "3D": 61.5349996089935,
  "AssetLib": 250.87299990654,
  "Editor": 126001.276000977,
  "Script": 80094.623001099
}