{
  "2D": 14773.4930002689,
  "3D": 7.67099976539612,
  "AssetLib": 1.9779999256134,
  "Editor": 23793.0939993858,
  "Script": 9009.95199942589
}