{
  "2D": 27972.9450006485,
  "3D": 29.6440000534056,
  "AssetLib": 104.257999897003,
  "Editor": 74624.5090003016,
  "Script": 46517.6619997026
}